genre,title,director,cast,country,published_at,release_year,rating,duration,listed_in,description
TV Show,13 Reasons Why,,"Dylan Minnette, Katherine Langford, Kate Walsh, Derek Luke, Brian d'Arcy James, Alisha Boe, Christian Navarro, Miles Heizer, Ross Butler, Devin Druid, Michele Selene Ang, Steven Silver, Amy Hargreaves",United States,5-Jun-20,2020,TV-MA,4 Seasons,"Crime TV Shows, TV Dramas, TV Mysteries","After a teenage girl's perplexing suicide, a classmate receives a series of tapes that unravel the mystery of her tragic choice."
Movie,13 Sins,Daniel Stamm,"Mark Webber, Rutina Wesley, Devon Graye, Tom Bower, Ron Perlman, Pruitt Taylor Vince",United States,13-Jan-19,2014,R,93 min,"Horror Movies, Thrillers","A man agrees to appear on a game show with a $6 million prize. But as the challenges become more extreme, he realizes he's made a grave mistake."
Movie,13TH,Ava DuVernay,,United States,7-Oct-16,2016,TV-MA,101 min,Documentaries,"In this thought-provoking documentary, scholars, activists and politicians analyze the criminalization of African Americans and the U.S. prison boom."
Movie,13TH: A Conversation with Oprah Winfrey & Ava DuVernay,,"Oprah Winfrey, Ava DuVernay",,26-Jan-17,2017,,37 min,Movies,"Oprah Winfrey sits down with director Ava DuVernay to discuss her Oscar-nominated film, historical cycles of oppression and the broken prison system."
Movie,14 Blades,Daniel Lee,"Donnie Yen, Zhao Wei, Wu Chun, Law Kar-Ying, Kate Tsui, Yuwu Qi, Wu Ma, Chen Kuan Tai, Sammo Kam-Bo Hung, Chen Zhi Hui, Damian Lau, Xiang Dong Xu","Hong Kong, China, Singapore",3-Apr-19,2010,R,113 min,"Action & Adventure, International Movies","In the age of the Ming Dynasty, Quinglong is the best of the Jinyiwei, an elite assassin squad made up of highly trained former street urchins. When evil eunuch Jia unseats the emperor, Quinglong is called to action but is quickly betrayed."
Movie,14 Cameras,"Scott Hussion, Seth Fuller","Neville Archambault, Amber Midthunder, Brytnee Ratledge, Hank Rogerson, Chelsea Edmundson, John-Paul Howard, Lora Martinez-Cunningham, Brianne Moncrief",United States,27-Oct-18,2018,TV-MA,89 min,"Horror Movies, Thrillers","Upping the ‚Äú13 Cameras‚Äù ante, this sequel finds a family renting a vacation house that‚Äôs been customized to violate their privacy."
Movie,14 Minutes from Earth,"Adam Davis, Jerry Kolber, Trey Nelson, Erich Sturm",,United States,1-Feb-19,2016,TV-MA,84 min,Documentaries,A Google executive boldly attempts a death-defying mission to travel to space and free-fall back to Earth without a rocket.
Movie,16 Blocks,Richard Donner,"Bruce Willis, Mos Def, David Morse, Jenna Stern, Cylk Cozart, Casey Sander, David Zayas, Robert Racki, Patrick Garrow, Sasha Roiz","United States, Germany",1-Nov-19,2006,PG-13,102 min,Action & Adventure,"Tasked with escorting a prosecution witness to court, an aging cop gears up for the 16-block trek ‚Äì but they'll be lucky to make it there alive."
Movie,17 Again,Burr Steers,"Zac Efron, Leslie Mann, Matthew Perry, Thomas Lennon, Michelle Trachtenberg, Melora Hardin, Sterling Knight, Hunter Parrish, Nicole Sullivan, Allison Miller",United States,1-Jan-21,2009,PG-13,102 min,Comedies,"Nearing a midlife crisis, thirty-something Mike wishes for a ""do-over"" ‚Äì and that's exactly what he gets when he wakes up to find he's 17 again."
Movie,18 Presents,Francesco Amato,"Vittoria Puccini, Benedetta Porcaroli, Edoardo Leo, Sara Lazzaro, Marco Messeri, Betty Pedrazzi, Alessandro Giallocosta, Filippo Gili, Giacomo Rosselli",Italy,8-May-20,2020,TV-MA,114 min,"Dramas, Independent Movies, International Movies",A pregnant mother with terminal cancer leaves behind 18 sentimental gifts for her unborn daughter to receive every birthday until she reaches womanhood.
Movie,1898: Our Last Men in the Philippines,Salvador Calvo,"Luis Tosar, Javier Guti√©rrez, √Ålvaro Cervantes, Karra Elejalde, Carlos Hip√≥lito, Ricardo G√≥mez, Patrick Criado, Eduard Fern√°ndez, Miguel Herr√°n, Emilio Palacios",Spain,2-Jun-17,2016,R,130 min,"Dramas, International Movies","While Spain relinquishes its last colonies, a battle-fatigued outpost engages in a long, brutal and sometimes bizarre clash with Filipino insurgents."
Movie,1BR,David Marmor,"Nicole Brydon Bloom, Giles Matthey, Taylor Nichols, Alan Blumenfeld, Celeste Sully, Susan Davis, Clayton Hoff, Earnestine Phillips",United States,23-Aug-20,2019,TV-MA,90 min,"Horror Movies, Independent Movies, Thrillers","Seeking her independence, a young woman moves to Los Angeles and settles into a cozy apartment complex with a disturbing sense of community."
Movie,1st Summoning,Raymond Wood,"Hayley Lovitt, Teddy Cole, Brook Todd, Ace Harney, Jason Macdonald",United States,26-Jul-19,2018,TV-MA,94 min,"Horror Movies, Independent Movies","Student filmmakers uncover occult rituals tied to an abandoned warehouse, then gradually realize the horror is closer than they think."
Movie,2 Alone in Paris,"Ramzy Bedia, √âric Judor","Ramzy Bedia, √âric Judor, Beno√Æt Magimel, Kristin Scott Thomas, √âlodie Bouchez, √âdouard Baer, Fred Testot, Omar Sy",France,1-Jun-20,2008,TV-MA,97 min,"Comedies, International Movies","A bumbling Paris policeman is doggedly determined to capture the master thief that repeatedly eludes him, even when they're the last two men on Earth."
Movie,2 States,Abhishek Varman,"Alia Bhatt, Arjun Kapoor, Ronit Roy, Amrita Singh, Revathy, Aru Krishansh Verma",India,4-Aug-18,2014,TV-PG,143 min,"Comedies, Dramas, International Movies","Graduate students Krish and Ananya hope to win their parents' approval before they marry, but the two families clash over their cultural differences."
Movie,20 Feet From Stardom,Morgan Neville,"Darlene Love, Merry Clayton, Lisa Fischer, T√°ta Vega, Claudia Lennear, Judith Hill, Bruce Springsteen, Mick Jagger, Stevie Wonder, Sting, Bette Midler, Cissy Houston, Sheryl Crow, Tata Vega",United States,22-Sep-18,2013,PG-13,91 min,"Documentaries, Music & Musicals","Winner of the 2014 Academy Award for Best Documentary Feature, this film takes a look at the world of backup vocalists and the legends they support."
TV Show,20 Minutes,,"Tuba B√ºy√ºk√ºst√ºn, Ilker Aksum, B√ºlent Emin Yarar, ƒ∞pek Bilgin, M√ºjde Uzman, Firat √áelik, Ayten Uncuoglu, Cihat Tamer",Turkey,15-Aug-17,2013,TV-MA,1 Season,"Crime TV Shows, International TV Shows, TV Dramas","When his wife is convicted of murder, a horrified family man races to prove her innocence while a dogged investigator sets out to uncover the truth."
Movie,2015 Dream Concert,,"4Minute, B1A4, BtoB, ELSIE, EXID, EXO, Got7, INFINITE, KARA, Shinee, Sistar, VIXX, Nine Muses, BTS, Secret, Topp Dogg",South Korea,28-Apr-17,2015,TV-PG,107 min,"International Movies, Music & Musicals","The world's biggest K-pop festival marked its 21st year in 2015, with groups such as EXO, 4Minute and SHINee electrifying the Seoul World Cup Stadium."
Movie,2036 Origin Unknown,Hasraf Dulull,"Katee Sackhoff, Ray Fearon, Julie Cox, Steven Cree, David Tse, Joe David Walters",United Kingdom,20-Dec-18,2018,TV-14,95 min,Sci-Fi & Fantasy,"Working with an artificial intelligence to investigate the failure of a deadly Mars landing, a mission controller makes an astonishing discovery."
Movie,20th Century Women,Mike Mills,"Annette Bening, Elle Fanning, Greta Gerwig, Lucas Jade Zumann, Billy Crudup",United States,28-Jun-19,2016,R,119 min,"Dramas, Independent Movies","In 1979, single bohemian mom Dorothea, hoping to help her teen son find his place as a man, asks two young women to share their lives with him."
Movie,21 & Over,"Jon Lucas, Scott Moore","Miles Teller, Skylar Astin, Justin Chon, Sarah Wright, Jonathan Keltz, Fran√ßois Chau, Russell Hodgkinson, Daniel Booko, Russell Mercado, Josie Loren, Dustin Ybarra",United States,16-Apr-19,2013,R,93 min,Comedies,Jeff's straight-and-narrow life changes abruptly when his buddies take him out for a birthday bash ‚Äì the night before a crucial med school interview.
TV Show,21 Again,,Laura Morgan,United Kingdom,1-Jul-20,2019,TV-MA,1 Season,"British TV Shows, Reality TV","In a social experiment, a group of daughters sends their mothers, disguised as 21-year-olds, into the world to experience life as a member of Gen Z."
TV Show,21 Sarfarosh: Saragarhi 1897,,"Luke Kenny, Mohit Raina, Mukul Dev",India,1-Dec-18,2018,TV-14,1 Season,"International TV Shows, TV Dramas","In one of history's greatest last stands, a battalion of 21 Sikh soldiers fights to defend their outpost from attack by over 10,000 Afghans."
TV Show,21 Thunder,,"Stephanie Bennett, Emmanuel Kabongo, RJ Fetherstonhaugh, Andres Joseph, Kevin Claydon, Conrad Pla, Clark Backo, Ryan Pierce, Eileen Li, Susan Bain, Cristina Rosato, Jonathan Kim, Colm Feore",Canada,1-Mar-18,2017,TV-MA,1 Season,"Crime TV Shows, International TV Shows, TV Dramas","Players and coaches for a Montreal soccer team chase dreams of stardom while their personal lives erupt with love, fear, passion and violence."
Movie,2307: Winter's Dream,Joey Curtis,"Paul Sidhu, Arielle Holmes, Branden Coles, Kelcey Watson, Anne-Solenne Hatte, Brad Potts, Timothy Lee DePriest, Fernando Argosino, Duchess Dukes, Harwood Gordon, Stormi Henley",United States,1-Mar-18,2016,TV-MA,101 min,"Action & Adventure, Independent Movies, Sci-Fi & Fantasy","In the frozen tundra of a futuristic Arizona where humans have been forced underground, a soldier hunts the bioengineered leader of a rebellion."
Movie,24 Hours to Live,Brian Smrz,"Ethan Hawke, Xu Qing, Paul Anderson, Rutger Hauer, Tyrone Keogh, Nathalie Boltt, Liam Cunningham","South Africa, China, United States",7-Apr-18,2017,R,93 min,Action & Adventure,"Revived by an experimental procedure, a hit man gets to live an extra 24 hours ‚Äì which he uses to avenge his dead wife and child and redeem himself."
Movie,25 Kille,Simranjit Singh Hundal,"Guggu Gill, Yograj Singh, Sonia Mann, Jimmy Sharma, Sapna Bassi, Lakha Lakhwinder Singh, Sandeep Kaur Sandy, Sardar Sohi",India,1-Oct-18,2016,TV-14,140 min,"Action & Adventure, Dramas, International Movies","Four brothers learn that they have inherited ancestral land, but must fight to claim it when a greedy feudal lord threatens to take it over."
Movie,26 Years,Geun-hyun Cho,"Goo Jin, Hye-jin Han, Soo-bin Bae, Seul-ong Im, Kyeong-yeong Lee, Gwang Jang, Deok-jae Jo, Eui-sung Kim, Seok-Hwan An, Bok-gi Min",South Korea,1-Oct-17,2012,TV-MA,135 min,"Dramas, International Movies, Thrillers","Twenty-six years after the 1980 massacre at Gwangju, South Korea, three relatives of the victims come together to avenge the infamous orchestrator."
Movie,"27, el club de los malditos",Nicanor Loreti,"Diego Capusotto, Sof√≠a Gala, Daniel Ar√°oz, Willy Toledo, El Polaco, Paula Manzone, Yayo Guridi, Guillermo Toledo",Argentina,1-May-18,2018,TV-MA,82 min,"Action & Adventure, Comedies, International Movies","After a musician dies under suspicious circumstances, a hard-drinking detective and a music fan investigate why rock stars often die at the age of 27."
Movie,27: Gone Too Soon,Simon Napier-Bell,"Janis Joplin, Jimi Hendrix, Amy Winehouse, Jim Morrison, Kurt Cobain",United Kingdom,1-May-18,2017,TV-MA,70 min,Documentaries,"Explore the circumstances surrounding the tragic deaths at 27 of Jimi Hendrix, Jim Morrison, Brian Jones, Janis Joplin, Kurt Cobain and Amy Winehouse."
Movie,28 Days,Betty Thomas,"Sandra Bullock, Viggo Mortensen, Dominic West, Diane Ladd, Elizabeth Perkins, Steve Buscemi, Alan Tudyk, Mike O'Malley, Azura Skye, Reni Santoni, Marianne Jean-Baptiste",United States,30-Sep-20,2000,PG-13,104 min,"Comedies, Dramas","After her drunken antics result in property damage, an alcoholic journalist enters rehab ‚Äì and soon meets a fellow resident who changes her outlook."
TV Show,28 Moons,,"Jin-sung Yang, Kyu-jong Kim, Tae-hwan Kang, Geummi",South Korea,10-Jun-17,2016,TV-PG,1 Season,"International TV Shows, Korean TV Shows, Romantic TV Shows","When her fianc√© acts strangely upon receiving a mysterious invitation, a florist sets out to find out the truth behind the tiny scrap of paper."
Movie,3 Days to Kill,McG,"Kevin Costner, Amber Heard, Hailee Steinfeld, Connie Nielsen, T√≥mas Lemarquis, Richard Sammel, Marc Andr√©oni, Bruno Ricci, Jonas Bloquet, Eriq Ebouaney","United States, France, Serbia",1-Dec-20,2014,PG-13,117 min,Action & Adventure,A terminally ill secret agent accepts a risky mission in exchange for an experimental drug that might save him ‚Äì if he can survive its side effects.
Movie,3 Deewarein,Nagesh Kukunoor,"Naseeruddin Shah, Jackie Shroff, Juhi Chawla, Nagesh Kukunoor, Gulshan Grover, Aditya Lakhia, Shri Vallabh Vyas",,31-Dec-19,2003,TV-MA,121 min,"Dramas, International Movies, Thrillers","A reporter interviews three convicts on death row for a documentary but as their stories emerge, so do her own true motivations for soliciting them."
Movie,3 Generations,Gaby Dellal,"Elle Fanning, Naomi Watts, Susan Sarandon, Tate Donovan, Linda Emond, Jordan Carlos, Sam Trammell, Maria Dizzia, Tessa Albertson",United States,28-Aug-17,2015,PG-13,92 min,"Dramas, LGBTQ Movies","When teenage Ray begins transitioning from female to male, his single mom and grandmother must cope with the change while tracking down his father."
Movie,3 Heroines,Iman Brotoseno,"Reza Rahadian, Bunga Citra Lestari, Tara Basro, Chelsea Islan",Indonesia,5-Jan-19,2016,TV-PG,124 min,"Dramas, International Movies, Sports Movies",Three Indonesian women break records by becoming the first of their nation to medal in archery at the Seoul Olympics in the summer of 1988.
Movie,3 Idiots,Rajkumar Hirani,"Aamir Khan, Kareena Kapoor, Madhavan, Sharman Joshi, Omi Vaidya, Boman Irani, Mona Singh, Javed Jaffrey",India,1-Aug-19,2009,PG-13,164 min,"Comedies, Dramas, International Movies","While attending one of India's premier colleges, three miserable engineering students and best friends struggle to beat the school's draconian system."
Movie,3 Seconds Divorce,Shazia Javed,,Canada,15-Jun-19,2018,TV-PG,53 min,"Documentaries, Faith & Spirituality","A Muslim women's activist group in India protests against oral divorces, starting a movement to reclaim their religious and constitutional rights."
Movie,3 T√ºrken & ein Baby,Sinan Akku≈ü,"Kostja Ullmann, Eko Fresh, Kida Khodr Ramadan, Sabrina Kl√ºber, Sami Nasser, Kayla Rybicka, Jytte-Merle B√∂hrnsen, Emrah Erdogru, Tim Grothe, H√ºlya Duyar",Germany,15-Dec-16,2015,TV-MA,93 min,"Comedies, International Movies",The lives of three dissatisfied brothers running a family bridal shop turn topsy-turvy when one of them has to care for his ex-girlfriend's baby.
Movie,30 Days of Luxury,Hani Hamdi,"Taher Farouz, Sad Al-Saghir, Ahmad Faloks, Soleiman Eid, Mahmood El-Laithi, Hesham Ismail, Shaima Saif, Nermin Maher, Sofinar",Egypt,18-Apr-19,2016,TV-14,91 min,"Comedies, International Movies","With the help of his friends, a man breaks out of prison in hopes of restoring a lively nightclub."
Movie,30 Minutes or Less,Ruben Fleischer,"Jesse Eisenberg, Danny McBride, Aziz Ansari, Nick Swardson, Dilshad Vadsaria, Michael Pe√±a, Bianca Kajlich, Fred Ward",United States,1-Jan-21,2011,R,83 min,"Action & Adventure, Comedies",Two crooks planning a bank heist wind up abducting a pizza delivery driver and force him to commit the robbery ‚Äî with a strict time limit.
Movie,300 Miles to Heaven,Maciej Dejczer,"Krzysztof Stroi≈Ñski, Andrzej Mellin, Adrianna Biedrzy≈Ñska, Adrianna Biedrzy≈Ñska, Rafa≈Ç Zimowski, Kama Kowalewska, Wies≈Çaw Komasa, Aleksander Bednarz, Jadwiga Jankowska-Cieslak, Wojciech Klata","Denmark, France, Poland",1-Oct-19,1989,TV-14,93 min,"Dramas, International Movies","Hoping to help their dissident parents, two brothers sneak out of Poland and land as refugees in Denmark, where they are prevented from returning home."
Movie,365 Days,"Barbara Bia≈ÇowƒÖs, Tomasz Mandes","Anna-Maria Sieklucka, Michele Morrone, Bronis≈Çaw Wroc≈Çawski, Otar Saralidze, Magdalena Lamparska, Natasza Urba≈Ñska, Gra≈ºyna Szapo≈Çowska, Tomasz Stockinger, Gianni Parisi, Mateusz ≈Åasowski",Poland,7-Jun-20,2020,TV-MA,114 min,"Dramas, International Movies, Romantic Movies","A fiery executive in a spiritless relationship falls victim to a dominant mafia boss, who imprisons her and gives her one year to fall in love with him."
Movie,37 Seconds,Hikari,"Mei Kayama, Misuzu Kanno, Shunsuke Daitoh, Makiko Watanabe, Yoshihiko Kumashino, Minori Hagiwara, Shohei Uno, Yuka Itaya, Kiyohiko Shibukawa, Eita Okuno, Haruka Imou, Toshinori Omi",Japan,31-Jan-20,2020,TV-MA,116 min,"Dramas, International Movies","Trapped by society and familial obligations, a young manga artist goes on an unconventional journey for sexual freedom and personal liberation."
TV Show,3Below: Tales of Arcadia,,"Tatiana Maslany, Diego Luna, Nick Offerman, Nick Frost, Glenn Close, Alon Aboutboul, Hayley Atwell, Darin De Paul, Andy Garcia, Cheryl Hines, Tom Kenny, Chris Obi, Cole Sand, Frank Welker, Steven Yeun",United States,12-Jul-19,2019,TV-Y7,2 Seasons,"Kids' TV, TV Action & Adventure, TV Sci-Fi & Fantasy","After crash-landing on Earth, two royal teen aliens on the run struggle to blend in with humans as they evade intergalactic bounty hunters."
Movie,40 Sticks,Victor Gatonye,"Robert Agengo, Mwaura Bilal, Andreo Kamau, Cajetan Boy, Arabron Nyyeneque, Shiviske Shivisi, Xavier Ywaya",Kenya,20-Nov-20,2019,TV-14,93 min,"International Movies, Thrillers","When their prison bus crashes in a forest on a rainy night, a group of criminals finds themselves battling wild animals and a mysterious killer."
Movie,42 Grams,Jack C. Newell,Jake Bickelhaupt,United States,1-Feb-18,2017,TV-MA,81 min,Documentaries,"After launching a successful underground restaurant out of their apartment, an ambitious chef and his wife open an all-consuming upscale eatery."
TV Show,44 Cats,,"Sarah Natochenny, Suzy Myers, Simona Berman, Erica Schroeder, Marca Leigh, Scottie Ray, Henry F. Benjamin",Italy,1-Oct-20,2018,TV-Y7,2 Seasons,Kids' TV,"Paw-esome tales abound when singing furry friends Lampo, Milady, Pilou and Meatball band together."
TV Show,45 rpm,,"Carlos Cuevas, Guiomar Puerta, Iv√°n Marcos, Israel Elejalde, Eudald Font, Luis Larrodera, Carmen Guti√©rrez, Diana G√≥mez, Vito Sanz, Marina San Jos√©, Pere Ponce, Joan Pera",Spain,16-Aug-19,2019,TV-MA,1 Season,"International TV Shows, Romantic TV Shows, Spanish-Language TV Shows","In 1960s Madrid, music producer Guillermo Rojas launches a rock 'n' roll label with the help of aspiring singer Robert and clever producer Maribel."
Movie,48 Christmas Wishes,"Marco Deufemia, Justin G. Dyck","Khiyla Aynne, Noah Dyer, Maya Franzoi, Clara Kushnir, Madeline Leon, Liam MacDonald, Matt Schichter, Ethan Yang, Adam Crew",Canada,20-Dec-17,2017,TV-G,84 min,"Children & Family Movies, Comedies","When a small town's letters to Santa accidentally go up in smoke, two elves venture out of the North Pole to retrieve every missing wish."
Movie,4L,Gerardo Olivares,"Jean Reno, Hovik Keuchkerian, Susana Abaitua, Juan Dos Santos, Arturo Valls, Enrique San Francisco, Francesc Garrido, Eric Nguyen",Spain,12-Jul-19,2019,TV-MA,105 min,"Comedies, Dramas, Independent Movies","Hoping to reunite with a dying friend, two longtime pals re-create their desert road trip from Spain to Mali, bringing along his estranged daughter."
Movie,4th Man Out,Andrew Nackman,"Evan Todd, Parker Young, Chord Overstreet, Jon Gabrus, Kate Flannery, Brooke Dillman, Jennifer Damiano, Jordan Lane Price, Alex Rennie, Jake Epstein",United States,5-May-16,2015,NR,86 min,"Comedies, LGBTQ Movies","A young mechanic comes out to his extremely straight best friends. Once they get used to the idea, they're determined to help him find the right guy."
Movie,4th Republic,Ishaya Bako,"Kate Henshaw-Nuttal, Enyinna Nwigwe, Linda Ejiofor, Yakubu Mohammed, Bimbo Manuel, Sani Mu‚Äôazu, Emil Hirai-Garuba, Rekiya Ibrahim Atta",Nigeria,13-Jun-20,2019,TV-MA,120 min,"Dramas, International Movies, Thrillers","After the election-night murder of her campaign manager at a polling site, a gubernatorial candidate challenges the corrupt incumbent's victory."
Movie,5 Cowok Jagoan,Anggy Umbara,"Ario Bayu, Arifin Putra, Dwi Sasono, Muhadkly Acho, Cornelio Sunny, Tika Bravani, Nirina Zubir, Ganindra Bimo, Verdi Solaiman",,5-Jan-19,2017,TV-MA,106 min,"Action & Adventure, Comedies, International Movies",Yanto asks his friends to help save a girlfriend who was kidnapped by a mobster. Silly slapstick and campy crimefighting ensues.
Movie,5 Flights Up,Richard Loncraine,"Josh Pais, Claire van der Boom, Morgan Freeman, Diane Keaton, Carrie Preston, Cynthia Nixon, Korey Jackson, Diane Ciesla, Michael Cristofer",United States,17-Mar-19,2014,PG-13,92 min,"Comedies, Dramas, Independent Movies","A couple finds unexpected drama when, after 40 years of living in the same Brooklyn walk-up, they attempt to sell their apartment and buy a new one."
Movie,5 Star Christmas,Marco Risi,"Massimo Ghini, Ricky Memphis, Martina Stella, Ralph Palka, Biagio Izzo, Riccardo Rossi, Paola Minaccioni",Italy,7-Dec-18,2018,TV-14,96 min,"Comedies, International Movies","When the Italian prime minister meets his lover and political rival while on an official trip to Budapest during Christmas week, things go topsy-turvy."
Movie,5 to 7,Victor Levin,"Anton Yelchin, B√©r√©nice Marlohe, Olivia Thirlby, Lambert Wilson, Frank Langella, Glenn Close",United States,16-Mar-17,2014,R,97 min,"Comedies, Dramas, Romantic Movies",A young novelist's life is turned upside down when a chance encounter outside a New York hotel leads to an intense affair with a diplomat's wife.
Movie,50 First Dates,Peter Segal,"Adam Sandler, Drew Barrymore, Rob Schneider, Sean Astin, Lusia Strus, Dan Aykroyd, Amy Hill, Allen Covert, Blake Clark, Maya Rudolph",United States,1-Dec-20,2004,PG-13,99 min,"Comedies, Romantic Movies","After falling for a pretty art teacher who has no short-term memory, a marine veterinarian has to win her over again every single day."
Movie,50/50,Jonathan Levine,"Joseph Gordon-Levitt, Seth Rogen, Anna Kendrick, Bryce Dallas Howard, Anjelica Huston, Serge Houde, Andrew Airlie, Matt Frewer, Philip Baker Hall, Marie Avgeropoulos, Jessica Parker Kennedy",United States,1-Jun-19,2011,R,100 min,"Comedies, Dramas, Independent Movies",An otherwise healthy twentysomething has a comically early midlife crisis when he gets slapped with a cancer diagnosis and a 50-50 chance of survival.
Movie,5CM,Rizal Mantovani,"Herjunot Ali, Raline Shah, Fedi Nuril, Pevita Pearce, Saykoji, Denny Sumargo, Didi Petet, Firrina Sinatrya",Indonesia,28-Sep-18,2012,TV-14,126 min,"Dramas, International Movies","Five friends embark on a mission to climb the highest peak in Java, overcoming obstacles on the way and discovering the true meaning of friendship."
Movie,5Gang,Matei Dima,"Andrei Selaru, Dorian Popa, Julia Marcan, Ana Radu, Cosmin Nedelcu, Diana Condurache, Andrei Gavril, Luca Bogdan",Romania,27-Apr-20,2019,TV-14,96 min,"Comedies, International Movies","To keep the band together, Selly tries to earn money by making an appearance at the birthday party of a mobster's daughter ‚Äî until he gets kidnapped."
Movie,6 Balloons,Marja Lewis Ryan,"Abbi Jacobson, Dave Franco, Jane Kaczmarek, Tim Matheson, Charlotte Carel, Madeline Carel, Maya Erskine, Dawan Owens, Jen Tullock",United States,6-Apr-18,2018,TV-MA,75 min,"Dramas, Independent Movies",A loyal sister struggles to stay afloat while driving her heroin-addicted brother to a detox center and looking after his 2-year-old daughter.
Movie,6 Days,Toa Fraser,"Jamie Bell, Abbie Cornish, Mark Strong, Martin Shaw, Ben Turner, Aymen Hamdouchi, Tim Pigott-Smith, Robert Portal, Colin Garlick, Andrew Grainger, Martin Hancock, Emun Elliott","New Zealand, United Kingdom",8-Feb-18,2017,R,94 min,"Action & Adventure, Dramas, International Movies","When armed gunmen seize the Iranian Embassy in 1980, a tense six-day standoff ensues while elite British soldiers prepare for a dangerous raid."
Movie,6 Underground,Michael Bay,"Ryan Reynolds, M√©lanie Laurent, Corey Hawkins, Dave Franco, Adria Arjona, Manuel Garcia-Rulfo, Ben Hardy, Lior Raz, Payman Maadi, Yuri Kolokolnikov, Kim Kold",United States,13-Dec-19,2019,R,129 min,"Action & Adventure, Dramas","After faking his death, a tech billionaire recruits a team of international operatives for a bold and bloody mission to take down a brutal dictator."
Movie,6 Years,Hannah Fidell,"Taissa Farmiga, Ben Rosenfield, Lindsay Burdge, Joshua Leonard, Jennifer Lafleur, Peter Vack, Dana Wheeler-Nicholson, Jason Newman, Molly McMichael",United States,8-Sep-15,2015,TV-MA,80 min,"Dramas, Independent Movies, Romantic Movies","As a volatile young couple who have been together for six years approach college graduation, unexpected career opportunities threaten their future."
Movie,6-5=2,Bharat Jain,"Prashantt Guptha, Gaurav Paswala, Gaurav Kothari, Disha Kapoor, Niharica Raizada, Ashrut Jain, Darshan Machamada",India,1-Nov-17,2014,TV-MA,103 min,"Horror Movies, International Movies, Thrillers","Six friends decide to undertake a grueling mountain trek, only to find that the difficulties in store for them are not merely physical."
TV Show,60 Days In,,,United States,1-Nov-20,2019,TV-MA,1 Season,Reality TV,"Recruited by a sheriff, volunteers infiltrate county prisons to expose corruption and crime from within the system in this docuseries."
Movie,68 Kill,Trent Haaga,"Matthew Gray Gubler, AnnaLynne McCord, Alisha Boe, Sheila Vand, Sam Eidson, James Moses Black, Ajay Mehta, Michael Beasley, David Maldonado, Hallie Grace Bradley, Peter Jaymes Jr., Eric Podnar, Lucy Faust",United States,1-Sep-19,2017,R,96 min,"Comedies, Independent Movies, Thrillers",A hapless guy agrees to help his stunning ‚Äì but psychotic ‚Äì girlfriend rob her loathsome sugar daddy in a scheme as ill-conceived as it is violent.
TV Show,7 (Seven),Nizar Shafi,"Rahman, Havish, Regina Cassandra, Nandita Swetha, Anisha Ambrose, Tridha Choudhury, Pujitha Ponnada, Aditi Arya",India,30-Jul-19,2019,TV-14,1 Season,TV Shows,"Multiple women report their husbands as missing but when it appears they are looking for the same man, a police officer traces their cryptic connection."
Movie,7 a√±os,Roger Gual,"Paco Le√≥n, Juana Acosta, Juan Pablo Raba, Alex Brendem√ºhl, Manuel Mor√≥n",Spain,27-Oct-16,2016,TV-MA,77 min,"Dramas, International Movies",Loyalties are tested and cruelties revealed when four business partners spend a tense evening debating who will pay for the crime they committed.
TV Show,7 Days Out,,,United States,21-Dec-18,2018,TV-PG,1 Season,Docuseries,"Witness the excitement and drama behind the scenes in the seven days leading up to major live events in the worlds of sports, fashion, space and food."
Movie,7 Din Mohabbat In,"Meenu Gaur, Farjad Nabi","Mahira Khan, Sheheryar Munawar, Javed Sheikh, Hina Dilpazeer, Amna Ilyas, Mira Sethi, Rimal Ali, Salahuddin Tunio, Aamir Qureshi, Adnan Shah",Pakistan,15-May-19,2018,TV-PG,137 min,"Comedies, International Movies, Music & Musicals","Given just seven days by a genie to find a girl who will fall for him, a nerdy young man embarks on a madcap and messy search for his would-be wife."
Movie,7 Khoon Maaf,Vishal Bhardwaj,"Priyanka Chopra, Neil Nitin Mukesh, John Abraham, Irrfan Khan, Aleksandr Dyachenko, Annu Kapoor, Naseeruddin Shah, Vivaan Shah, Usha Uthup, Konkona Sen Sharma",India,2-Aug-18,2011,TV-MA,148 min,"Dramas, International Movies, Thrillers","Spiced liberally with black comedy, this Bollywood drama follows the lethal love life of a woman who marries numerous men ‚Äì only to find them flawed."
TV Show,72 Cutest Animals,,,Australia,1-Jun-16,2016,TV-PG,1 Season,"Docuseries, International TV Shows, Science & Nature TV",This series examines the nature of cuteness and how adorability helps some animal species to survive and thrive in a variety of environments.
TV Show,72 Dangerous Animals: Asia,,Bob Brisbane,Australia,10-Aug-18,2018,TV-14,1 Season,"Docuseries, International TV Shows, Science & Nature TV","From fangs to claws to venomous stings, they all wield deadly weapons. But which creature will be crowned the fiercest of all?"
TV Show,72 Dangerous Animals: Latin America,,Bob Brisbane,"Australia, United States",22-Dec-17,2017,TV-14,1 Season,"Docuseries, International TV Shows, Science & Nature TV","Powerful cats, indestructible arachnids and flesh-melting pit vipers are just the beginning in this series about Latin America's deadliest creatures."
TV Show,72 Dangerous Places to Live,,Mitch Ryan,Australia,1-Jun-16,2016,TV-PG,1 Season,"Docuseries, International TV Shows, Science & Nature TV","Get up close and personal with avalanches, fiery volcanoes and other natural cataclysms, and learn why some choose to live in their destructive paths."
TV Show,7SEEDS,,"Nao Toyama, Jun Fukuyama, Katsuyuki Konishi, Yoko Soumi, Kana Asumi, Akira Ishida, Aoi Yuki, Kazuhiko Inoue, Yoko Hikasa, Hirofumi Nojima, Ryotaro Okiayu, Eri Kitamura, Mamiko Noto, Ryo Hirohashi, Shizuka Ito, Hisao Egawa, Mayumi Asano, Kenta Miyake, Ai Kakuma, Kaito Ishikawa, Mikako Komatsu, Daisuke Sakaguchi, Takanori Hoshino, Kenjiro Tsuda, Nozomu Sasaki, Kenji Nojima, Houko Kuwashima, Kensho Ono, Takahiro Sakurai, Haruka Chisuga, Yu Shimamura, Takuma Terashima, Takuya Sato, Junko Minagawa, Masashi Sugawara, Sho Hayami, Kazuyuki Okitsu, Minako Kotobuki",,26-Mar-20,2020,TV-MA,2 Seasons,"Anime Series, International TV Shows","Shy Natsu awakens as part of a group chosen to ensure the survival of humanity. Together, they have to survive on a changed Earth."
TV Show,9 Months That Made You,,Demetri Goritsas,United States,1-Mar-17,2016,TV-PG,1 Season,"British TV Shows, Docuseries, Science & Nature TV","Witness the wonders of human gestation through cutting-edge CGI, and learn how those nine months inside the womb can affect all aspects of one's life."
Movie,90 ML,Anita Udeep,"Oviya, Masoom Shankar, Bommu Lakshmi, Monisha Ram, Tej Raj, Shree Gopika, Anson Paul, Devadarshini Chetan",India,13-Aug-19,2019,TV-MA,123 min,"Comedies, International Movies, Music & Musicals",Four friends shake up their lives when they meet a new woman in their apartment complex who encourages them to embrace their wild sides.
Movie,93 Days,Steve Gukas,"Bimbo Akintola, Somkele Iyamah, Danny Glover, Gideon Okeke, Seun Kentebe, Keppy Ekpenyong, Zara Udofia Ejoh, Bimbo Manuel, Patrick Diabuah, Tina Mba, Alastair Mackenzie, Tim Reid",Nigeria,5-Mar-20,2016,TV-PG,121 min,"Dramas, International Movies, Thrillers",Heroic health workers fight to contain an Ebola outbreak when a patient arrives in Lagos with symptoms of the deadly virus. Based on a true story.
Movie,A 2nd Chance,Clay Glen,"Nina Pearce, Adam Tuominen, Emily Morris, Amy Handley, Carmel Johnson, Alanah Gilbert, Hapi Murphy, Lilly Blacker, Julie Kay Lumasag, Elysia Markou",Australia,1-Jul-17,2011,PG,95 min,"Children & Family Movies, Dramas, Sports Movies","A gymnast lacks the confidence she needs to reach the top. But with the help of her new coach, she has the chance to win a spot on the national team."
Movie,A 3 Minute Hug,Everardo Gonz√°lez,,"Mexico, United States",28-Oct-19,2019,TV-PG,28 min,"Documentaries, International Movies",This documentary captures the joy and heartbreak of families separated by the U.S.-Mexico border sharing a short but bittersweet reunion in 2018.
Movie,A Babysitter's Guide to Monster Hunting,Rachel Talalay,"Tamara Smart, Oona Laurence, Tom Felton, Troy Leigh-Anne Johnson, Lynn Masako Cheng, Ty Consiglio, Ian Ho, Indya Moore, Alessio Scalzotto, Tamsen McDonough",United States,15-Oct-20,2020,TV-PG,99 min,Children & Family Movies,"Recruited by a secret society of babysitters, a high schooler battles the Boogeyman and his monsters when they nab the boy she's watching on Halloween."
Movie,A Bad Moms Christmas,"Jon Lucas, Scott Moore","Mila Kunis, Kristen Bell, Kathryn Hahn, Susan Sarandon, Christine Baranski, Jay Hernandez, Cheryl Hines, Peter Gallagher, Justin Hartley","United States, China",14-Feb-20,2017,R,104 min,Comedies,"Stressed-out moms Amy, Carla and Kiki are back, and the looming Christmas holiday gets even more daunting when their mothers show up for a visit."
Movie,A Beautiful Life,Andrew Lau Wai-Keung,"Qi Shu, Liu Ye, Anthony Wong Chau-Sang, Liang Tian, Danying Feng, Rina Sa, Zhang Songwen, Tian Gao, Andrew Lin","China, Hong Kong",1-Dec-18,2011,TV-14,122 min,"Dramas, International Movies, Romantic Movies","After meeting under awkward circumstances, a glamorous businesswoman and a tradition-bound policeman begin a relationship that changes their lives."
Movie,A Billion Colour Story,Padmakumar Narasimhamurthy,"Dhruva Padmakumar, Gaurav Sharma, Vasuki",India,1-Apr-18,2016,TV-14,104 min,"Dramas, Independent Movies, International Movies",The curious child of idealistic interfaith parents observes an increasingly intolerant world as his family faces financial strain.
Movie,A Boy Called Po,John Asher,"Christopher Gorham, Julian Feder, Kaitlin Doubleday, Andrew Bowen, Caitlin Carmichael, Sean Gunn, Bryan Batt, Fay Masterson, Brian George",United States,15-Jan-18,2016,PG,94 min,"Dramas, Sci-Fi & Fantasy","After his wife's death, an overworked engineer struggles to care for his son with autism, who regresses into a fantasy world to escape real-life bullying."
TV Show,A Boy Name Flora A,,"Crowd Lu, Tsai Chen-nan, Lotus Wang, Fan Chu-Mei, Hsieh Ying-shiuan, Vera Yen, Cammy Chiang",Taiwan,1-Sep-17,2017,TV-MA,1 Season,"International TV Shows, TV Comedies, TV Dramas",A 28-year-old layabout begins to re-examine his life when his dysfunctional family assembles to pay respects to a dying grandmother who won‚Äôt pass on.
Movie,A Christmas Special: Miraculous: Tales of Ladybug & Cat Noir,Thomas Astruc,"Cristina Vee, Bryce Papenbrook, Keith Silverstein, Mela Lee, Max Mittelman, Carrie Keranen, Stephanie Sheh, Selah Victor, Ben Diskin, Erin Fitzgerald, Grant George","France, South Korea, Japan",20-Dec-16,2016,TV-Y7,22 min,Movies,Parisian teen Marinette transforms herself into superhero Ladybug to find her lonely secret crush Adrien when he runs away from home at Christmas.
Movie,A Cinderella Story,Mark Rosman,"Hilary Duff, Chad Michael Murray, Jennifer Coolidge, Dan Byrd, Regina King, Julie Gonzalo, Lin Shaye, Madeline Zima, Andrea Avery, Mary Pat Gleason, Paul Rodriguez, Whip Hubley, Kevin Kilner, Erica Hubbard, Simon Helberg","United States, Canada",1-Jan-20,2004,PG,95 min,"Children & Family Movies, Comedies",Teen Sam meets the boy of her dreams at a dance before returning to toil in her stepmother's diner. Can her lost cell phone bring them together?
Movie,A Cinderella Story: Christmas Wish,Michelle Johnston,"Laura Marano, Gregg Sulkin, Isabella Gomez, Johannah Newmarch, Lillian Doucet-Roche, Chanelle Peloso, Barclay Hope, Garfield Wilson",United States,1-Dec-19,2019,PG,86 min,"Children & Family Movies, Comedies, Music & Musicals","Despite her vain stepmother and mean stepsisters, an aspiring singer works as an elf at a Christmas tree lot and finds her own holiday miracle."
Movie,A Clockwork Orange,Stanley Kubrick,"Malcolm McDowell, Patrick Magee, Michael Bates, Warren Clarke, Adrienne Corri, Paul Farrell, Miriam Karlin, James Marcus","United Kingdom, United States",1-Nov-20,1971,R,137 min,"Classic Movies, Cult Movies, Dramas","In this dark satire from director Stanley Kubrick, a young, vicious sociopath in a dystopian England undergoes an experimental rehabilitation therapy."
Movie,A Dangerous Woman,Stephen Gyllenhaal,"Debra Winger, Barbara Hershey, Gabriel Byrne, Laurie Metcalf, John Terry, Maggie Gyllenhaal, Jake Gyllenhaal, Chloe Webb, David Strathairn",United States,1-Apr-18,1993,R,101 min,"Dramas, Romantic Movies","At the center of this engrossing melodrama is a Golden Globe-nominated turn by Debra Winger, who plays a sheltered, slow-witted woman living with her widowed Aunt Frances while working at a dry cleaners."
Movie,A Fairly Odd Summer,Savage Steve Holland,"Drake Bell, Daniella Monet, David Lewis, Susanne Blakeslee, Daran Norris, Scott Baio, Devon Weigel, Ella Anderson, Carter Hastings",United States,2-Nov-19,2014,TV-Y7,68 min,"Children & Family Movies, Comedies","In this live-action adventure, the gang heads to Hawaii, where Timmy learns the source of all fairy magic is in dangerous hands."
Movie,A Fall from Grace,Tyler Perry,"Crystal Fox, Phylicia Rashad, Cicely Tyson, Bresha Webb, Mehcad Brooks, Adrian Pasdar, Tyler Perry",United States,17-Jan-20,2020,TV-MA,121 min,"Dramas, Thrillers","When gentle, law-abiding Grace confesses to killing her new husband, her skeptical young lawyer sets out to uncover the truth. A film by Tyler Perry."
Movie,A Family Affair,Tom Fassaert,Tom Fassaert,"Netherlands, Denmark, South Africa",16-Oct-16,2015,TV-PG,111 min,"Documentaries, International Movies",The filmmaker hunts for the missing puzzle pieces of his family history during a visit with a complex and controversial figure: his grandmother.
Movie,A Family Man,Mark Williams,"Gerard Butler, Gretchen Mol, Alison Brie, Willem Dafoe, Alfred Molina, Maxwell Jenkins, Anupam Kher, Dustin Milligan","Canada, United States",15-Dec-19,2016,R,110 min,Dramas,A ruthless corporate headhunter battles his rival for a promotion while dealing with a family crisis that threatens to derail his career.
Movie,A Family Reunion Christmas,Robbie Countryman,"Loretta Devine, Tia Mowry-Hardrict, Anthony Alabi, Talia Jackson, Isaiah Russell-Bailey, Cameron J. Wright, Jordyn Raya James, Jack√©e Harry, Richard Roundtree",United States,9-Dec-19,2019,TV-PG,29 min,Movies,M'Dear and her sisters struggle to keep their singing act together before a church Christmas pageant while Grandpa teaches the kids a valuable lesson.
Movie,A Flying Jatt,Remo D'Souza,"Tiger Shroff, Jacqueline Fernandez, Nathan Jones, Kay Kay Menon, Amrita Singh, Gaurav Pandey, Shraddha Kapoor, Amrita Puri",India,15-Nov-17,2016,TV-14,142 min,"Action & Adventure, International Movies, Sci-Fi & Fantasy",A timid man gets unexpected superpowers while trying to save his family's land and a sacred tree from a ruthless tycoon.
Movie,A Fortunate Man,Bille August,"Esben Smed, Katrine Rosenthal, Benjamin Kitter, Julie Christiansen, Tommy Kenter, Tammi √òst, Rasmus Bjerg, Ole Lemmeke, Sarah Viktoria Bjerregaard, Anders Hove, Jens Albinus",Denmark,20-Apr-19,2018,TV-MA,168 min,"Dramas, International Movies","A gifted engineer flees his austere roots to pursue wealth and success among Copenhagen's elite, but the pride propelling him threatens to be his ruin."
Movie,A Futile and Stupid Gesture,David Wain,"Will Forte, Domhnall Gleeson, Martin Mull, Joel McHale, Matt Lucas, Thomas Lennon, Seth Green, Jackie Tohn, Natasha Lyonne, Emmy Rossum, Elvy Yost, Matt Walsh, John Gemberling, Rick Glassman, Camille Guaty",United States,26-Jan-18,2018,TV-MA,102 min,Comedies,"In a brief life full of triumph and failure, ""National Lampoon"" co-founder Doug Kenney built a comedy empire, molding pop culture in the 1970s."
Movie,A Mighty Team,Thomas Sorriaux,"G√©rard Depardieu, Chantal Lauby, Medi Sadoun, Ilian Bergala, Blanche Gardin, Patrick Timsit, Barbara Cabrita, Jean Dell, Thomas Vandenberghe, Th√©o Fernandez, L√©a Lopez",France,15-Oct-16,2016,TV-MA,97 min,"Comedies, International Movies, Sports Movies","When a fit of anger leads to a serious injury, a sidelined soccer star returns to his hometown and reluctantly agrees to train the local youth."
Movie,A Mission in an Old Movie,Ahmad El-Badri,"Edward, Fifi Abdo, Lotfy Labib, Madeleine Matar, Nahla Zaki, Ahmed Fathy, Said Tarabeek, Badriya Tolba, Eman El-Sayed",,25-Apr-19,2012,TV-MA,98 min,"Comedies, International Movies",A young man struggles with his overbearing mother while looking for romance and a way to kick-start his show business career.
Movie,A Monster Calls,J.A. Bayona,"Lewis MacDougall, Sigourney Weaver, Felicity Jones, Liam Neeson, Toby Kebbell, Ben Moor, James Melville, Oliver Steer, Dominic Boyle, Geraldine Chaplin, Jennifer Lim","United Kingdom, Spain, United States",16-Jan-21,2016,PG-13,108 min,"Dramas, Sci-Fi & Fantasy","Overwhelmed by his mother‚Äôs illness, a young boy begins to understand human complexity through the fantastic tales of a consoling tree monster."
Movie,A Most Violent Year,J.C. Chandor,"Oscar Isaac, Jessica Chastain, David Oyelowo, Albert Brooks, Elyes Gabel, Catalina Sandino Moreno, Christopher Abbott, Peter Gerety, Alessandro Nivola","United Arab Emirates, United States",22-Jul-18,2014,R,125 min,"Dramas, Thrillers",Abel Morales tries to avoid corruption's easy path as he pursues the American Dream amid an increasingly violent business war in 1981 New York City.
Movie,A Murder in the Park,"Christopher S. Rech, Brandon Kimber",,United States,28-Apr-17,2014,PG-13,91 min,Documentaries,"This documentary excoriates a noted anti-death-penalty activist and his team, whose questionable methods got a convicted killer freed in 1999."
Movie,A new Capitalism,,,Brazil,12-Jun-18,2017,TV-14,76 min,"Documentaries, International Movies","Entrepreneurs worldwide explore alternatives to current capitalist structures, advocating for profitable businesses that also tackle social inequality."
Movie,A New York Christmas Wedding,Otoja Abit,"Nia Fairweather, Chris Noth, Cooper Koch, Tyra Ferrell, Denny Dillon, Adriana DeMeo, Otoja Abit, David Anzuelo, Camilla Harden, Natasha Goodman, Avery Whitted, Tony D. Head, Joe Perrino",United States,5-Nov-20,2020,TV-MA,90 min,"Dramas, LGBTQ Movies, Romantic Movies","As her wedding nears, a bride-to-be is visited by an angel who reveals what could have been if she'd followed feelings for her childhood best friend."
Movie,Barbie in A Mermaid Tale,Adam Wood,"Kelly Sheridan, Kathleen Barr, Tabitha St. Germain, Peter Mel, Nakia Burrise, Maryke Hendrikse, Emma Pierson, Ciara Janson, Garry Chalk, Nicole Oliver",United States,1-Oct-17,2010,TV-Y,74 min,Children & Family Movies,"Surf champ Merliah discovers she's actually a mermaid in a girl's body. With the help of a dolphin, Merliah must rescue her mom, the Queen of Oceana."
Movie,Barbie in Princess Power,Zeke Norton,"Kelly Sheridan, Britt Irvin, Michael Kopsa, Rebecca Husain, Kira Tozer",United States,1-Oct-17,2015,TV-Y,74 min,Children & Family Movies,"A princess with a predictable life finds herself transformed by a magical butterfly's kiss into Super Sparkle, a crime-fighting superhero."
Movie,Barbie in Rock 'N Royals,Karen J. Lloyd,"Kelly Sheridan, Chiara Zanni, Bethany Brown, Devyn Dalton, Michael Dobson, Brynna Drummond, Rachel Harrison, Alessandro Juliani, Peter Kelamis, Omari Newton, Ingrid Nilson, Nicole Oliver, Shaun Smyth, Kira Tozer",United States,1-Oct-17,2015,TV-Y,83 min,Children & Family Movies,"When royal Princess Courtney trades places with famous rock star Erika, two worlds collide while both learn to appreciate new friends and experiences."
TV Show,Barbie Life in the Dreamhouse,,"Kate Higgins, Sean Hankinson, Haviland Stillwell, Paula Rhodes, Charlie Bodin, Laura Gerow, Katie Crown, Nakia Burrise, Tara Sands, Ashlyn Selich","United States, Canada",1-Jul-17,2012,TV-Y,1 Season,"Kids' TV, TV Comedies",Join blond icon Barbie and her fabulous friends as their behind-the-scenes adventures are revealed in this animated Web series.
Movie,Batman: The Killing Joke,Sam Liu,"Kevin Conroy, Mark Hamill, Tara Strong, Ray Wise, John DiMaggio, Robin Atkin Downes, Brian George, JP Karliak, Andrew Kishino, Nolan North",United States,15-Oct-20,2016,R,77 min,Action & Adventure,The Joker makes life hell for the Gordon family in a monstrous attempt to prove to Batman that one bad day can drive a good man to madness.
Movie,Battle,Katarina Launing,"Lisa Teige, Fabian Svegaard Tapia, Vebj√∏rn Enger, Charlott Madeleine Utzig, Stig R. Amdam, Karen-Lise Mynster","Norway, Denmark, Netherlands, Sweden",1-Dec-18,2018,TV-MA,98 min,"Dramas, International Movies, Romantic Movies","After Amalie's dad goes bankrupt, the young dancer's affluent life collapses. But she finds a new beat to follow after meeting hip-hop dancer Mikael."
Movie,The Women's Balcony,Emil Ben-Shimon,"Evelin Hagoel, Igal Naor, Orna Banay, Einat Sarouf, Avraham Aviv Alush, Itzik Cohen, Yafit Asulin, Sharona Elimelech, Herzl Tobey, Haim Znati",Israel,19-Dec-17,2016,TV-PG,100 min,"Comedies, Dramas, Faith & Spirituality","A conservative rabbi steps in to lead a congregation reeling from an accident, but his controversial plans incite a gender war among the congregation."
TV Show,The Woods,,"Grzegorz Damiƒôcki, Agnieszka Grochowska, Hubert Mi≈Çkowski, Wiktoria Filus, Jacek Koman, Krzysztof Zarzecki, Ewa Skibi≈Ñska, Martyna Byczkowska, Roman Gancarczyk, Adam Wietrzy≈Ñski","Poland, United States",12-Jun-20,2020,TV-MA,1 Season,"Crime TV Shows, International TV Shows, TV Dramas",Evidence found on the body of a homicide victim sparks hope in a prosecutor that his sister who disappeared 25 years earlier could still be alive.
Movie,The Workshop,Laurent Cantet,"Marina Fo√Øs, Matthieu Lucci, Warda Rammach, Issam Talbi, Florian Beaujean, Mamadou Doumbia, Julien Souve, M√©lissa Guilbert, Olivier Thouret, L√©ny Sellam",France,10-Nov-18,2017,TV-MA,114 min,"Dramas, International Movies","In an old shipyard town in France, sociopolitical tensions beset a writing workshop where the instructor notices a student with a dark side."
Movie,The World Is Not Enough,Michael Apted,"Pierce Brosnan, Sophie Marceau, Robert Carlyle, Denise Richards, Robbie Coltrane, Judi Dench, Desmond Llewelyn, John Cleese, Maria Grazia Cucinotta","United Kingdom, United States",31-Dec-19,1999,PG-13,128 min,Action & Adventure,"Greed, revenge, world domination: It's all in a day's work for James Bond, who's on a mission to protect an oil heiress from a notorious terrorist."
Movie,The World Is Yours,Romain Gavras,"Isabelle Adjani, Karim Leklou, Fran√ßois Damiens, Vincent Cassel, Oulaya Amamra",France,30-Nov-18,2018,TV-MA,101 min,"Action & Adventure, Comedies, International Movies","To escape his life of crime, a Paris drug dealer takes on one last job involving Spain, unhinged gangsters, his longtime crush and his scheming mother."
Movie,The World We Make,Brian Baugh,"Caleb Castille, Rose Reid, Kevin Sizemore, Gregory Alan Williams",United States,4-Sep-19,2019,PG,108 min,"Dramas, Romantic Movies","A teenage equestrian and a local football player for each other, but simmering racism in their small town puts their relationship to the test."
TV Show,The World's Most Extraordinary Homes,,"Piers Taylor, Caroline Quentin",United Kingdom,18-Jan-19,2019,TV-G,3 Seasons,"British TV Shows, Docuseries, International TV Shows",Award-winning architect Piers Taylor and actress/property enthusiast Caroline Quentin travel the world to tour unconventional homes in extreme places.
Movie,The World's Most Wanted Animal,Victoria Bromley,Maria Diekmann,United Kingdom,1-Apr-19,2018,TV-PG,53 min,Documentaries,"A conservationist shares her emotional journey in helping save rare, scaly mammals that have been illegally trafficked and now face extinction."
TV Show,The Worst Witch,,"Bella Ramsey, Clare Higgins, Meibh Campbell, Raquel Cassidy, Jenny Richardson, Miriam Petche, Tallulah Milligan, Wendy Craig, Shauna Shim","United Kingdom, Germany",1-Oct-20,2020,TV-G,4 Seasons,"British TV Shows, Kids' TV","After stumbling into a school for witches, a bumbling heroine comes to realize that she just might belong there. Based on Jill Murphy's beloved books."
Movie,The Worthy,Ali F. Mostafa,"Ali Suliman, Mahmoud Al Atrash, Samer al Masri, Rakeen Saad, Habib Ghuloom, Samer Ismail, Salah Hanoun, Maisa Abd Elhadi, Mohammad Al Ibrahimi, Nabeel Ahmad Alkoni","United Arab Emirates, Romania",1-Dec-17,2016,TV-MA,99 min,"International Movies, Sci-Fi & Fantasy, Thrillers","In the near future, with civilization a thing of the past, a man puts his family in peril when he reluctantly lets outsiders into his compound."
TV Show,The Writer,,"Bassel Khayyat, Daniella Rahme, Nada Abou Farhat, Nicolas Daniel, Gabriel Yammine",Lebanon,7-May-19,2019,TV-14,1 Season,"Crime TV Shows, International TV Shows, TV Dramas","When accused of a murder eerily parallel to a plot in his novel, a best-selling crime writer must navigate a web of hidden enemies."
Movie,The Wrong Babysitter,George Mendeluk,"Daphne Zuniga, Seann Gallagher, Lisa Marie Caruk, Matt Bellefleur, Ava Hughes, Britt Irvin, Lochlyn Munro",Canada,18-Jun-19,2017,TV-14,89 min,Thrillers,"A widow searches for her missing teenage daughter, not knowing that her seemingly helpful neighbor is hiding a terrible secret."
Movie,The Wrong Missy,Tyler Spindel,"David Spade, Lauren Lapkus, Nick Swardson, Geoff Pierson, Jackie Sandler, Sarah Chalke, Rob Schneider, Chris Witaske, Joe Anoa'i, Molly Sims",United States,13-May-20,2020,TV-MA,90 min,"Comedies, Romantic Movies","Tim thinks he's invited the woman of his dreams on a work retreat to Hawaii, realizing too late he mistakenly texted someone from a nightmare blind date."
TV Show,The Yard,,"Demet Evgar, Ceren Moray, Nursel K√∂se, Kenan Ece, Teoman Kumbaracƒ±ba≈üƒ±, √áaƒüda≈ü Onur √ñzt√ºrk, Deniz Barut, Onuryay Evrentan, G√∂rkem Merts√∂z, Mert Tanƒ±k, Ay√ßa Damgacƒ±",Turkey,15-Nov-19,2019,TV-MA,2 Seasons,"Crime TV Shows, International TV Shows, TV Dramas","After a fateful domestic clash, a devoted mother finds herself in prison and fighting to survive in hopes of reuniting with her daughter."
TV Show,The Year of Happiness and Love,,"Amber Kuo, James Wen, Weber Yang, Sonia Sui, Nien-Jen Wu, Kay Huang, Tsai Chen-nan, Lin Mei-hsiu",Taiwan,1-Sep-16,2009,TV-PG,1 Season,"International TV Shows, Romantic TV Shows, TV Comedies","Jiang Chen-bo is a loser without prospects for success, until a surprise promotion becomes the catalyst for his entire family's upturn in fortune."
Movie,The Young Messiah,Cyrus Nowrasteh,"Adam Greaves-Neal, Sara Lazzaro, Vincent Walsh, Sean Bean, Jonathan Bailey, Agni Scott",United States,27-Aug-20,2016,PG-13,111 min,"Dramas, Faith & Spirituality","Tormented by a demon and on the run from a Roman centurion, a 7-year-old Jesus and his parents, Mary and Joseph, flee Egypt for Nazareth."
